id	clr	W
Bacteria;Bacteria	2.1486752902529527	0
;	2.1486752902529527	0
