Group 1,Group 2,H,p-value,q-value
Pd (n=3),Rw (n=14),2.6825396825396837,0.10145381261420726,0.10145381261420726
