id	clr	W
Bacteria;Bacteria	2.126512260770437	0
;	2.1265122607704345	0
