Df	SumsOfSqs	MeanSqs	F.Model	R2	Pr(>F)
milk	1	0.213693868736685	0.213693868736685	1.72476247339037	0.103126276150978	0.031
Residuals	15	1.85846345830414	0.123897563886943	NA	0.896873723849022	NA
Total	16	2.07215732704083	NA	NA	1	NA
