Group 1,Group 2,H,p-value,q-value
Pd (n=2),Rw (n=2),0.5999999999999996,0.43857802608099994,0.43857802608099994
