Group 1,Group 2,H,p-value,q-value
Pd (n=2),Rw (n=2),0.16666666666666508,0.6830913983096101,0.6830913983096101
