Group 1,Group 2,H,p-value,q-value
semi-hard (n=3),semi-soft (n=1),0.8888888888888896,0.34577858615115986,0.34577858615115986
