Group 1,Group 2,H,p-value,q-value
Pd (n=3),Rw (n=14),3.111111111111107,0.07775989643932961,0.07775989643932961
