Df	SumsOfSqs	MeanSqs	F.Model	R2	Pr(>F)
milk	1	0.392406034427639	0.392406034427639	1.18900672718623	0.0734453167648347	0.229
Residuals	15	4.95042658870731	0.330028439247154	NA	0.926554683235165	NA
Total	16	5.34283262313495	NA	NA	1	NA
