Group 1,Group 2,H,p-value,q-value
semi-hard (n=3),semi-soft (n=1),0.1999999999999993,0.6547208460185774,0.6547208460185774
