Df	SumsOfSqs	MeanSqs	F.Model	R2	Pr(>F)
milk	1	0.132173487280365	0.132173487280365	1.33180999094069	0.0815469927509228	0.21
Residuals	15	1.48865252753143	0.0992435018354288	NA	0.918453007249077	NA
Total	16	1.6208260148118	NA	NA	1	NA
