Df	SumsOfSqs	MeanSqs	F.Model	R2	Pr(>F)
milk	1	0.365789468249879	0.365789468249879	1.1482570589732	0.0711071823280854	0.185
Residuals	15	4.77840913832889	0.318560609221926	NA	0.928892817671915	NA
Total	16	5.14419860657877	NA	NA	1	NA
