id	clr	W
Bacteria;Bacteria	0.9855301360971556	1
;	-0.9855301360971547	1
