id	clr	W
Bacteria;Bacteria	0.2949268950609234	0
;	0.29492689506092357	0
