Group 1,Group 2,H,p-value,q-value
semi-hard (n=3),semi-soft (n=1),1.0000000000000009,0.317310507862911,0.317310507862911
