Group 1,Group 2,H,p-value,q-value
Pd (n=3),Rw (n=14),4.068477943324562,0.04369062575010506,0.04369062575010506
