Group 1,Group 2,H,p-value,q-value
Pd (n=3),Rw (n=14),1.5873015873015817,0.2077120857275539,0.2077120857275539
